product_name,category,price,mrp,rating,review_count
"One Plus Nord Buds 2r True Wireless in Ear Earbuds with Mic, 12.4mm Drivers, Playback:Upto 38hr case,4-Mic Design",bluetooth_headphones,592,2299,3.9,29
"Wireless Bluetooth Earbuds, TWS Earbuds, Headphone Bluetooth, earbuds under 300 Bluetooth (Black, True Wireless)",bluetooth_headphones,254,1499,4.2,5
MECROLINK M19 Wireless Earbuds TWS 5.1 Dual Touch Bluetooth Headphones Mini Compact Playtime with Fast Charging Sweat-Proof (Black),bluetooth_headphones,339,5999,4.2,16
"One-Plus Nord 2r GATIMAN True Wireless in Ear Earbuds with Mic, 12.4mm Drivers, Playback:Upto 38hr case,4-Mic Design, IP55 Rating [Multi Colors]",bluetooth_headphones,626,2499,3.9,56
"TWS Wireless Bluetooth Earbuds, TWS Earbuds, Headphone Bluetooth, earbuds under 300",bluetooth_headphones,254,999,,
Bluetooth Earbuds With High Bass Sound In Ear TWS Black,bluetooth_headphones,428,1200,4.6,17
NEO TRUE WIRELESS BLUETOOTH HEADPHONE EARBUDS TWS AIRDOPS WITH HAIR TRIMMER,bluetooth_headphones,386,999,3.9,122
M19-19 Earbuds TWS Earphone Touch Control Mirror Digital Display Wireless Bluetooth 5.1 Headphones With Microphone,bluetooth_headphones,321,2999,3.8,144
Tecsox TecPod Airbuds 16 Hr Bluetooth True Wireless Earbuds In Ear Bluetooth Headphone Powerfull Bass TWS White,bluetooth_headphones,318,1499,4.0,7954
AIR PRO PODS Bluetooth True Wireless (TWS) In Ear 4 Hours Playback Active Noise,bluetooth_headphones,282,4999,,
M19-19 Earbuds TWS Earphone Touch Control Mirror Digital Display Wireless Bluetooth 5.1 Headphones With Microphone,bluetooth_headphones,321,2999,5.0,1
MECROLINK ANC10 Buds pods Earbuds 12 Hours Playtime Bluetooth Wireless Headphones Earphone Bluetooth Headset,bluetooth_headphones,319,3600,3.9,18
"One Plus Nord Buds 2r True Wireless in Ear Earbuds with Mic, 12.4mm Drivers, Playback:Upto 38hr case,4-Mic Design",bluetooth_headphones,688,2299,4.0,64
Premium Earbuds In Ear TWS Black,bluetooth_headphones,311,3599,,
Airbuds 16 Hr Bluetooth True Wireless Earbuds In Ear Bluetooth Headphone Powerfull Bass TWS White,bluetooth_headphones,282,3499,4.5,6
VERONIC T75 EAR CLIP OWS Bluetooth True Wireless (TWS) On Ear 30 Hours Playback Comfirtable in ear fit IPX4(Splash & Sweat Proof) Pink,bluetooth_headphones,596,2999,3.5,11
"MECROLINK M10 MECROLINK M19 Pro TWS Earbuds with 2000mAh Power Bank , LED Display | Bluetooth 5.1 Headphones | 20 Hours Playback (BLACK)",bluetooth_headphones,339,6000,4.4,7
Life Like M88 PLUS TWS Bluetooth Earbuds With Mic - Black,bluetooth_headphones,469,1999,3.7,30
TecSox Pulse 611 | True Wireless Bluetooth Earbuds | Deep Bass | 12H Playtime | Water Resistant,bluetooth_headphones,486,2999,,
M10 TWS Bluetooth 5.3 Wireless Earbuds with LED Display Extra Bass Gaming Mode Waterproof Touch Sensor Long Battery Backup Earphones BLACK,bluetooth_headphones,339,5000,5.0,1
"One Plus Nord Buds 2r True Wireless in Ear Earbuds with Mic, 12.4mm Drivers, Playback:Upto 38hr case,4-Mic Design",bluetooth_headphones,592,2299,3.9,29
"Wireless Bluetooth Earbuds, TWS Earbuds, Headphone Bluetooth, earbuds under 300 Bluetooth (Black, True Wireless)",bluetooth_headphones,254,1499,4.2,5
MECROLINK M19 Wireless Earbuds TWS 5.1 Dual Touch Bluetooth Headphones Mini Compact Playtime with Fast Charging Sweat-Proof (Black),bluetooth_headphones,339,5999,4.2,16
"One-Plus Nord 2r GATIMAN True Wireless in Ear Earbuds with Mic, 12.4mm Drivers, Playback:Upto 38hr case,4-Mic Design, IP55 Rating [Multi Colors]",bluetooth_headphones,626,2499,3.9,56
"TWS Wireless Bluetooth Earbuds, TWS Earbuds, Headphone Bluetooth, earbuds under 300",bluetooth_headphones,254,999,,
Bluetooth Earbuds With High Bass Sound In Ear TWS Black,bluetooth_headphones,428,1200,4.6,17
NEO TRUE WIRELESS BLUETOOTH HEADPHONE EARBUDS TWS AIRDOPS WITH HAIR TRIMMER,bluetooth_headphones,386,999,3.9,122
M19-19 Earbuds TWS Earphone Touch Control Mirror Digital Display Wireless Bluetooth 5.1 Headphones With Microphone,bluetooth_headphones,321,2999,3.8,144
Tecsox TecPod Airbuds 16 Hr Bluetooth True Wireless Earbuds In Ear Bluetooth Headphone Powerfull Bass TWS White,bluetooth_headphones,318,1499,4.0,7954
AIR PRO PODS Bluetooth True Wireless (TWS) In Ear 4 Hours Playback Active Noise,bluetooth_headphones,282,4999,,
M19-19 Earbuds TWS Earphone Touch Control Mirror Digital Display Wireless Bluetooth 5.1 Headphones With Microphone,bluetooth_headphones,321,2999,5.0,1
MECROLINK ANC10 Buds pods Earbuds 12 Hours Playtime Bluetooth Wireless Headphones Earphone Bluetooth Headset,bluetooth_headphones,319,3600,3.9,18
"One Plus Nord Buds 2r True Wireless in Ear Earbuds with Mic, 12.4mm Drivers, Playback:Upto 38hr case,4-Mic Design",bluetooth_headphones,688,2299,4.0,64
Premium Earbuds In Ear TWS Black,bluetooth_headphones,311,3599,,
Airbuds 16 Hr Bluetooth True Wireless Earbuds In Ear Bluetooth Headphone Powerfull Bass TWS White,bluetooth_headphones,282,3499,4.5,6
VERONIC T75 EAR CLIP OWS Bluetooth True Wireless (TWS) On Ear 30 Hours Playback Comfirtable in ear fit IPX4(Splash & Sweat Proof) Pink,bluetooth_headphones,596,2999,3.5,11
"MECROLINK M10 MECROLINK M19 Pro TWS Earbuds with 2000mAh Power Bank , LED Display | Bluetooth 5.1 Headphones | 20 Hours Playback (BLACK)",bluetooth_headphones,339,6000,4.4,7
Life Like M88 PLUS TWS Bluetooth Earbuds With Mic - Black,bluetooth_headphones,469,1999,3.7,30
TecSox Pulse 611 | True Wireless Bluetooth Earbuds | Deep Bass | 12H Playtime | Water Resistant,bluetooth_headphones,486,2999,,
M10 TWS Bluetooth 5.3 Wireless Earbuds with LED Display Extra Bass Gaming Mode Waterproof Touch Sensor Long Battery Backup Earphones BLACK,bluetooth_headphones,339,5000,5.0,1
Hitech 25000 -mAh 22.5W Li-Polymer Power Bank,power_bank,995,1999,4.5,33
"Portronics Power Brick II:10000mAh Power Bank ,D.Blue (POR 1213)",power_bank,699,1999,4.1,168
Hitech 12000 -mAh 5V/2A & 5V/3A Li-Ion Power Bank,power_bank,657,1299,5.0,2
"Portronics Power M 10K:10000mAh Power Bank with Dual Input ,Black (POR 1219)",power_bank,709,1999,4.1,134
Hitech 12000 -mAh 22.5W Li-Polymer Power Bank,power_bank,826,1499,4.8,6
Eller sante 10000 -mAh 5V/2A & 5V/3A Li-Polymer Power Bank,power_bank,988,1999,3.7,3
Hitech 25000 -mAh 5V/2A & 5V/3A Li-Ion Power Bank,power_bank,1164,2499,5.0,2
Portronics 10000 -mAh 5V/2A Li-Polymer Power Bank,power_bank,849,2499,3.5,12
Hitech 25000 -mAh 5V/2A & 5V/3A Li-Ion Power Bank,power_bank,1164,2499,5.0,2
Tecsox 10000 -mAh 5V/3A Li-Polymer Power Bank,power_bank,718,3999,4.3,60
Portronics 10000 -mAh 5V/2A Li-Polymer Power Bank,power_bank,739,1999,3.7,35
Eller sante 10000 -mAh 5V/2A & 5V/3A Li-Polymer Power Bank,power_bank,988,1999,3.7,3
Portronics 10000 -mAh 22.5W Li-Polymer Power Bank,power_bank,849,2499,3.7,88
itel 10000 -mAh 22.5W Li-Polymer Power Bank,power_bank,966,1999,3.9,11
Zebronics 10000 -mAh 5V/3A Li-Polymer Power Bank,power_bank,966,1999,5.0,1
Itel Power Go Star 100 (IPP-53) 10000mAh(10 W) Lithium_Polymer Slim Power Bank (Black) Support and Mobile/Tablet,power_bank,868,1599,3.8,13
Zebronics 10000 -mAh 22.5W Li-Polymer Power Bank,power_bank,1064,1999,,
itel 10000 -mAh 22.5W Li-Polymer Power Bank,power_bank,966,1999,,
Zebronics 10000 -mAh 5V/1A & 5V/2A & 5V/3A Li-Polymer Power Bank,power_bank,966,1999,,
Hitech 12000 -mAh 5V/2A & 5V/3A Li-Ion Power Bank,power_bank,1248,2999,,
Hitech 25000 -mAh 22.5W Li-Polymer Power Bank,power_bank,995,1999,4.5,33
"Portronics Power Brick II:10000mAh Power Bank ,D.Blue (POR 1213)",power_bank,699,1999,4.1,168
Hitech 12000 -mAh 5V/2A & 5V/3A Li-Ion Power Bank,power_bank,657,1299,5.0,2
"Portronics Power M 10K:10000mAh Power Bank with Dual Input ,Black (POR 1219)",power_bank,709,1999,4.1,134
Hitech 12000 -mAh 22.5W Li-Polymer Power Bank,power_bank,826,1499,4.8,6
Eller sante 10000 -mAh 5V/2A & 5V/3A Li-Polymer Power Bank,power_bank,988,1999,3.7,3
Hitech 25000 -mAh 5V/2A & 5V/3A Li-Ion Power Bank,power_bank,1164,2499,5.0,2
Portronics 10000 -mAh 5V/2A Li-Polymer Power Bank,power_bank,849,2499,3.5,12
Hitech 25000 -mAh 5V/2A & 5V/3A Li-Ion Power Bank,power_bank,1164,2499,5.0,2
Tecsox 10000 -mAh 5V/3A Li-Polymer Power Bank,power_bank,718,3999,4.3,60
Portronics 10000 -mAh 5V/2A Li-Polymer Power Bank,power_bank,739,1999,3.7,35
Eller sante 10000 -mAh 5V/2A & 5V/3A Li-Polymer Power Bank,power_bank,988,1999,3.7,3
Portronics 10000 -mAh 22.5W Li-Polymer Power Bank,power_bank,849,2499,3.7,88
itel 10000 -mAh 22.5W Li-Polymer Power Bank,power_bank,966,1999,3.9,11
Zebronics 10000 -mAh 5V/3A Li-Polymer Power Bank,power_bank,966,1999,5.0,1
Itel Power Go Star 100 (IPP-53) 10000mAh(10 W) Lithium_Polymer Slim Power Bank (Black) Support and Mobile/Tablet,power_bank,868,1599,3.8,13
Zebronics 10000 -mAh 22.5W Li-Polymer Power Bank,power_bank,1064,1999,,
itel 10000 -mAh 22.5W Li-Polymer Power Bank,power_bank,966,1999,,
Zebronics 10000 -mAh 5V/1A & 5V/2A & 5V/3A Li-Polymer Power Bank,power_bank,966,1999,,
Hitech 12000 -mAh 5V/2A & 5V/3A Li-Ion Power Bank,power_bank,1248,2999,,
HEDU T500 BT Calling Smart Watch with Strap Upto 4 hours Backup ( BLACK ),smart_watch,436,999,3.5,403
"SKYRISE Ultra Max Golden Edition Smartwatch | Heart Rate | Steps | Wireless Charging Smartwatch (Golden Strap, 2.09 Inch Big Sunlight Proof Display)",smart_watch,576,4999,3.8,330
HEDU ALOMED Ultra Max Smart Watch 24k Gold 2.01 Inch HD Smartwatch Smart Watch | Sleep Monitor | Distance Tracker | Calendaring | Sedentary,smart_watch,575,999,4.1,76
t-800 Ultra Max Smartwatch,smart_watch,466,2699,3.6,27
HEDU T500 BT Calling Smart Watch with Strap Upto 1-2 hours Backup ( PINK ),smart_watch,436,999,3.8,67
WOF AMOLED BT Calling Smart Watch with Silicone Strap Upto 5-10 days Backup ( Orange ),smart_watch,419,2999,4.2,29
"T-800 Ultra Smartwatch Series 8 – Premium Design, Full Touch Display & Bluetooth Calling",smart_watch,440,2699,3.7,7
"SKYRISE Ultra Max Golden Edition Smartwatch | Heart Rate | Steps | Wireless Charging Smartwatch (Golden Strap, 2.09 Inch Big Sunlight Proof Display)",smart_watch,570,4999,4.0,63
HEDU Ultra Max Smart Watch 24k Gold 2.01 Inch HD Smartwatch Smart Watch | Sleep Monitor | Distance Tracker | Calendaring | Sedentar,smart_watch,575,999,4.1,61
"Tecsox Tecwatch 1.99"" Screen BT Calling Black Smart Watch",smart_watch,429,4999,3.7,81
VEhop HD-IPS Display with Bluetooth Calling Black Smart Watch,smart_watch,673,2999,3.9,166
"U7 T900 Ultra Smart Watch 2.09"" HD Display - Campatible for IOS & Android -Bluetooth Calling, Fitness Tracker, Voice Assistance, SpO2, Heart Rate Monitor",smart_watch,609,1999,3.6,5
Pulsebit TFT BT Calling Smart Watch with Strap Upto 24 hours Backup [ BLACK COLOR ],smart_watch,527,1999,4.6,5
Life Like Ultra Max Smart Watch 24k Gold 2.01 Inch HD Smartwatch Smart Watch | Sleep Monitor | Distance Tracker | Calendaring | Sedentary Reminder | Text Messaging | Pedometer | Calorie Tracker | Heart Rate Monitor Smartwatch,smart_watch,550,1999,4.3,23
"OLIVE OPS Sports Edition Smartwatch | Heart Rate | Steps | Wireless Charging Smartwatch (Black-Grey Strap, 1.73 Inch Big Sunlight Proof Display)",smart_watch,650,2999,4.1,29
WOF AMOLED BT Calling Smart Watch with Silicone Strap Upto 5-10 days Backup ( Multicolor ),smart_watch,487,2999,3.5,20
"SKYRISE Sports Edition Smartwatch | Heart Rate | Steps | Wireless Charging Smartwatch (Grey Strap, 1.73 Inch Big Sunlight Proof Display)",smart_watch,711,4999,5.0,1
"T800 Ultra Smart Watch with Beautiful Strap, Bluetooth Calling Smart Watch, 1.99"" Touch Display with Fitness & Outdoor, Health & Medical Tracker, 8 Unique UI Interactions (Orange)",smart_watch,453,2999,4.0,4
Pulsebit TFT BT Calling Smart Watch with Strap Upto 24 hours Backup [ BLACK COLOR ],smart_watch,576,2499,,
WOF AMOLED BT Calling Smart Watch with Silicone Strap Upto 1-2 days Backup ( Orange ),smart_watch,487,2999,,
HEDU T500 BT Calling Smart Watch with Strap Upto 4 hours Backup ( BLACK ),smart_watch,436,999,3.5,403
"SKYRISE Ultra Max Golden Edition Smartwatch | Heart Rate | Steps | Wireless Charging Smartwatch (Golden Strap, 2.09 Inch Big Sunlight Proof Display)",smart_watch,576,4999,3.8,330
HEDU ALOMED Ultra Max Smart Watch 24k Gold 2.01 Inch HD Smartwatch Smart Watch | Sleep Monitor | Distance Tracker | Calendaring | Sedentary,smart_watch,575,999,4.1,76
t-800 Ultra Max Smartwatch,smart_watch,466,2699,3.6,27
HEDU T500 BT Calling Smart Watch with Strap Upto 1-2 hours Backup ( PINK ),smart_watch,436,999,3.8,67
WOF AMOLED BT Calling Smart Watch with Silicone Strap Upto 5-10 days Backup ( Orange ),smart_watch,419,2999,4.2,29
"T-800 Ultra Smartwatch Series 8 – Premium Design, Full Touch Display & Bluetooth Calling",smart_watch,440,2699,3.7,7
"SKYRISE Ultra Max Golden Edition Smartwatch | Heart Rate | Steps | Wireless Charging Smartwatch (Golden Strap, 2.09 Inch Big Sunlight Proof Display)",smart_watch,570,4999,4.0,63
HEDU Ultra Max Smart Watch 24k Gold 2.01 Inch HD Smartwatch Smart Watch | Sleep Monitor | Distance Tracker | Calendaring | Sedentar,smart_watch,575,999,4.1,61
"Tecsox Tecwatch 1.99"" Screen BT Calling Black Smart Watch",smart_watch,429,4999,3.7,81
VEhop HD-IPS Display with Bluetooth Calling Black Smart Watch,smart_watch,673,2999,3.9,166
"U7 T900 Ultra Smart Watch 2.09"" HD Display - Campatible for IOS & Android -Bluetooth Calling, Fitness Tracker, Voice Assistance, SpO2, Heart Rate Monitor",smart_watch,609,1999,3.6,5
Pulsebit TFT BT Calling Smart Watch with Strap Upto 24 hours Backup [ BLACK COLOR ],smart_watch,527,1999,4.6,5
Life Like Ultra Max Smart Watch 24k Gold 2.01 Inch HD Smartwatch Smart Watch | Sleep Monitor | Distance Tracker | Calendaring | Sedentary Reminder | Text Messaging | Pedometer | Calorie Tracker | Heart Rate Monitor Smartwatch,smart_watch,550,1999,4.3,23
"OLIVE OPS Sports Edition Smartwatch | Heart Rate | Steps | Wireless Charging Smartwatch (Black-Grey Strap, 1.73 Inch Big Sunlight Proof Display)",smart_watch,650,2999,4.1,29
WOF AMOLED BT Calling Smart Watch with Silicone Strap Upto 5-10 days Backup ( Multicolor ),smart_watch,487,2999,3.5,20
"SKYRISE Sports Edition Smartwatch | Heart Rate | Steps | Wireless Charging Smartwatch (Grey Strap, 1.73 Inch Big Sunlight Proof Display)",smart_watch,711,4999,5.0,1
"T800 Ultra Smart Watch with Beautiful Strap, Bluetooth Calling Smart Watch, 1.99"" Touch Display with Fitness & Outdoor, Health & Medical Tracker, 8 Unique UI Interactions (Orange)",smart_watch,453,2999,4.0,4
Pulsebit TFT BT Calling Smart Watch with Strap Upto 24 hours Backup [ BLACK COLOR ],smart_watch,576,2499,,
WOF AMOLED BT Calling Smart Watch with Silicone Strap Upto 1-2 days Backup ( Orange ),smart_watch,487,2999,,
"Sebora Eau De Parfum (EDP) Fresh,Floral Medium -Fragrance For Men,Women,Unisex ( Pack of 1 )",perfume,199,999,4.1,1306
"Brit Accent Eau De Toilette (EDT) Woody,Fruity,Fresh,Smoky Strong -Fragrance For Men ( Pack of 5 ) 8ml Each",perfume,190,349,4.2,519
"Brit Accent Eau De Toilette (EDT) Woody,Fruity,Oriental,Smoky Strong -Fragrance For Women ( Pack of 5 )",perfume,185,349,4.1,68
Ramsons - MIDNIGHT Eau De Parfum Perfume For Men Long Lasting Premium Perfume 40ml (Pack of 1),perfume,165,189,4.1,226
Ramsons - U R LOVELY Eau De Parfum Perfume For Women Long Lasting Premium Perfume 30ml (Pack of 1),perfume,165,189,4.3,323
Amidhara Eau De Parfum (EDP) Earthly -Fragrance For Unisex ( Pack of 1 ),perfume,223,1499,4.2,258
The Man Company Eau De Toilette (EDT) Oriental -Fragrance For Men ( Pack of 1 ),perfume,264,2499,4.3,107
"wokleen Eau De Parfum (EDP) Woody,Fruity,Fresh Mild -Fragrance For Men,Women,Unisex ( Pack of 1 )",perfume,238,999,4.2,65
The Man Company Deodorant Spray & Perfume Floral -Fragrance For Men ( Pack of 1 ),perfume,202,749,4.3,83
"St. John Eau De Parfum (EDP) Fresh,Woody Mild -Fragrance For Men 10 ML Each ( Pack of 2 )",perfume,127,130,4.1,1981
Brit Accent Eau De Parfum (EDP) Fresh -Fragrance For Unisex ( Pack of 2 ),perfume,165,798,4.4,17
OG BEAUTY Luxury Charade Eau De Parfum - Premium Fragrance & Long-Lasting Scent - 50 ml For Women,perfume,141,299,4.9,10
OSSA Magnet Apparel Perfume Unisex With Oriental Notes Premium Long Lasting Fragrance Eau de Parfum - 100 ml (For Men & Women),perfume,238,380,4.4,239
"Riya Bindas Black Perfume, For Men, 30 ml (Pack Of 1)",perfume,129,185,4.3,60
"Brit Accent Eau De Toilette (EDT) Fresh,Woody,Smoky Mild -Fragrance For Unisex ( Pack of 2 )",perfume,199,798,4.1,857
The Man Company Eau De Toilette (EDT) Fresh -Fragrance For Men ( Pack of 1 ),perfume,274,2198,3.9,33
JD INTERNATIONAL BULGERIAN ROSE Apparel Perfume For Men & Women Perfume 100 ml (Pack of 1),perfume,170,350,4.1,272
"Brit Accent Eau De Parfum (EDP) Woody,Fresh Strong -Fragrance For Unisex ( Pack of 2 ) 30 ML + 25ML",perfume,180,798,4.0,740
DENVER Chief Perfume Premium & Long Lasting Eau de Parfum - For Men 30 ml (Pack of 1),perfume,239,249,4.1,165
Brit Accent Eau De Toilette (EDT) Woody -Fragrance For Unisex ( Pack of 2 ),perfume,193,798,3.9,51
"Sebora Eau De Parfum (EDP) Fresh,Floral Medium -Fragrance For Men,Women,Unisex ( Pack of 1 )",perfume,199,999,4.1,1306
"Brit Accent Eau De Toilette (EDT) Woody,Fruity,Fresh,Smoky Strong -Fragrance For Men ( Pack of 5 ) 8ml Each",perfume,190,349,4.2,519
"Brit Accent Eau De Toilette (EDT) Woody,Fruity,Oriental,Smoky Strong -Fragrance For Women ( Pack of 5 )",perfume,185,349,4.1,68
Ramsons - MIDNIGHT Eau De Parfum Perfume For Men Long Lasting Premium Perfume 40ml (Pack of 1),perfume,165,189,4.1,226
Ramsons - U R LOVELY Eau De Parfum Perfume For Women Long Lasting Premium Perfume 30ml (Pack of 1),perfume,165,189,4.3,323
Amidhara Eau De Parfum (EDP) Earthly -Fragrance For Unisex ( Pack of 1 ),perfume,223,1499,4.2,258
The Man Company Eau De Toilette (EDT) Oriental -Fragrance For Men ( Pack of 1 ),perfume,264,2499,4.3,107
"wokleen Eau De Parfum (EDP) Woody,Fruity,Fresh Mild -Fragrance For Men,Women,Unisex ( Pack of 1 )",perfume,238,999,4.2,65
The Man Company Deodorant Spray & Perfume Floral -Fragrance For Men ( Pack of 1 ),perfume,202,749,4.3,83
"St. John Eau De Parfum (EDP) Fresh,Woody Mild -Fragrance For Men 10 ML Each ( Pack of 2 )",perfume,127,130,4.1,1981
Brit Accent Eau De Parfum (EDP) Fresh -Fragrance For Unisex ( Pack of 2 ),perfume,165,798,4.4,17
OG BEAUTY Luxury Charade Eau De Parfum - Premium Fragrance & Long-Lasting Scent - 50 ml For Women,perfume,141,299,4.9,10
OSSA Magnet Apparel Perfume Unisex With Oriental Notes Premium Long Lasting Fragrance Eau de Parfum - 100 ml (For Men & Women),perfume,238,380,4.4,239
"Riya Bindas Black Perfume, For Men, 30 ml (Pack Of 1)",perfume,129,185,4.3,60
"Brit Accent Eau De Toilette (EDT) Fresh,Woody,Smoky Mild -Fragrance For Unisex ( Pack of 2 )",perfume,199,798,4.1,857
The Man Company Eau De Toilette (EDT) Fresh -Fragrance For Men ( Pack of 1 ),perfume,274,2198,3.9,33
JD INTERNATIONAL BULGERIAN ROSE Apparel Perfume For Men & Women Perfume 100 ml (Pack of 1),perfume,170,350,4.1,272
"Brit Accent Eau De Parfum (EDP) Woody,Fresh Strong -Fragrance For Unisex ( Pack of 2 ) 30 ML + 25ML",perfume,180,798,4.0,740
DENVER Chief Perfume Premium & Long Lasting Eau de Parfum - For Men 30 ml (Pack of 1),perfume,239,249,4.1,165
Brit Accent Eau De Toilette (EDT) Woody -Fragrance For Unisex ( Pack of 2 ),perfume,193,798,3.9,51
Campus HURRICANE White Men's Sports Running Shoes,men_shoes,807,1699,4.4,7794
hotstyle Gray Men's Sports Running Shoes,men_shoes,512,2249,4.0,630
Action White Men's Sports Running Shoes,men_shoes,1170,3199,4.5,195
Clymb SOCKS-7 T BLUE Blue Men's Sports Running Shoes,men_shoes,429,999,3.7,3
Campus OSLO PRO Gray Men's Sports Running Shoes,men_shoes,994,1499,4.2,583
Clymb Sports Olive Men's Sports Running Shoes,men_shoes,503,999,4.1,142
ASIAN AIRWEAVE-02 Dark Grey Men's Sports Running Shoes,men_shoes,1011,2849,4.2,502
Clymb Gray Men's Sports Running Shoes,men_shoes,434,999,3.5,34
Campus NORTH PLUS Black Men's Sports Running Shoes,men_shoes,909,1899,4.2,1355
Clymb Gray Men's Sports Running Shoes,men_shoes,632,2100,4.1,495
Bersache Blue Men's Sports Running Shoes,men_shoes,994,4999,4.1,225
Campus - FLASH NEW Blue Men's Sports Running Shoes,men_shoes,785,2299,4.3,48
ASIAN DOMINATOR-03 Navy Men's Sports Running Shoes,men_shoes,805,2499,4.2,1015
Airhype Black Men's Sports Running Shoes,men_shoes,647,999,4.0,6
Campus ABACUS Blue Men's Sports Running Shoes,men_shoes,973,2299,4.3,1992
Clymb Cosco White Men's Sports Running Shoes,men_shoes,691,2499,4.3,10
Campus ABACUS Blue Running Shoes,men_shoes,973,2299,4.1,712
ASIAN Blue Men's Sports Running Shoes,men_shoes,589,999,4.0,7124
Cult Quasar Blue Men's Sports Running Shoes,men_shoes,1835,4069,4.6,43
ASIAN CIVIC-04 Black Men's Sports Running Shoes,men_shoes,692,1999,4.0,22
Campus HURRICANE White Men's Sports Running Shoes,men_shoes,807,1699,4.4,7794
hotstyle Gray Men's Sports Running Shoes,men_shoes,512,2249,4.0,630
Action White Men's Sports Running Shoes,men_shoes,1170,3199,4.5,195
Clymb SOCKS-7 T BLUE Blue Men's Sports Running Shoes,men_shoes,429,999,3.7,3
Campus OSLO PRO Gray Men's Sports Running Shoes,men_shoes,994,1499,4.2,583
Clymb Sports Olive Men's Sports Running Shoes,men_shoes,503,999,4.1,142
ASIAN AIRWEAVE-02 Dark Grey Men's Sports Running Shoes,men_shoes,1011,2849,4.2,502
Clymb Gray Men's Sports Running Shoes,men_shoes,434,999,3.5,34
Campus NORTH PLUS Black Men's Sports Running Shoes,men_shoes,909,1899,4.2,1355
Clymb Gray Men's Sports Running Shoes,men_shoes,632,2100,4.1,495
Bersache Blue Men's Sports Running Shoes,men_shoes,994,4999,4.1,225
Campus - FLASH NEW Blue Men's Sports Running Shoes,men_shoes,785,2299,4.3,48
ASIAN DOMINATOR-03 Navy Men's Sports Running Shoes,men_shoes,805,2499,4.2,1015
Airhype Black Men's Sports Running Shoes,men_shoes,647,999,4.0,6
Campus ABACUS Blue Men's Sports Running Shoes,men_shoes,973,2299,4.3,1992
Clymb Cosco White Men's Sports Running Shoes,men_shoes,691,2499,4.3,10
Campus ABACUS Blue Running Shoes,men_shoes,973,2299,4.1,712
ASIAN Blue Men's Sports Running Shoes,men_shoes,589,999,4.0,7124
Cult Quasar Blue Men's Sports Running Shoes,men_shoes,1835,4069,4.6,43
ASIAN CIVIC-04 Black Men's Sports Running Shoes,men_shoes,692,1999,4.0,22
